"rating","ingredients","product_id","product_name","brand_id","brand_name","price_usd","size"
5,"['Aqua (Water), Glycolic Acid, Glycerin, Butylene Glycol, Propanediol, Dicaprylyl Carbonate, Dimethicone, Potassium Hydroxide, Cetyl Alcohol, Hydrolyzed Jojoba Esters, Methyl Gluceth-20, Sodium Polyacryloyldimethyl Taurate, Tocopherol (Vitamin E), Helianthus Annuus (Sunflower) Seed Oil, Dimethyl Isosorbide, Phenoxyethanol, Ferulic Acid, Glyceryl Stearate, Peg-100 Stearate, Ammonium Glycyrrhizate, Hibiscus Sabdariffa Flower Extract, Caprylyl Glycol, Hydroxypinacolone Retinoate, Sodium Hyaluronate, Ubiquinone, Hippophae Rhamnoides (Sea Buckthorn) Fruit Extract, Tasmannia Lanceolata (Pepperberry) Extract, Ethylhexylglycerin, Palmitoyl Tripeptide-5.']","P480150","Liquid Gold Midnight Reboot Serum with 14% Glycolic Acid and Tripeptide-5",6283,"Alpha-H",105,"1.69 oz/ 50 mL"
3.7,"['Water, Ethylhexyl Palmitate, Glycerin, Peg-40 Hydrogenated Castor Oil, Caprylic/Capric Triglyceride, Sodium Hyaluronate, Bisabolol, Leontopodium Alpinum Meristem Cell Culture, Dimethyl Isosorbide, Panthenol, Tetrahexyldecyl Ascorbate, Amorphophallus Konjac Root Powder, Leuconostoc/Radish Root Ferment Filtrate, Commiphora Mukul Resin Extract, Tocopherol, Allantoin, Hydroxypinacolone Retinoate, Palmitoyl Tripeptide-28, Disodium Edta, Carbomer, Trihydroxystearin, Aminomethyl Propanol, Phenoxyethanol, Xanthan Gum, Silica, Chlorphenesin, Benzoic Acid, Butylene Glycol, Sorbic Acid, Mica, Titanium Dioxide.']","P438640","The Nightly Retinol + Peptide Anti-Aging Serum",6272,"BeautyBio",95,"1 oz/ 30 mL"
4.194,"['Water\\Aqua\\Eau, Dimethicone, Isododecane, Butylene Glycol, Glycerin, Polysilicone-11, Ascorbyl Glucoside, Sodium Hyaluronate, Tocopheryl Acetate, Squalane, Hypnea Musciformis (Algae) Extract, Gelidiella Acerosa Extract, Sigesbeckia Orientalis (St. Paul Wort) Extract, Helianthus Annuus (Sunflower) Seed Extract, Hordeum Vulgare (Barley) Extract\\Extrait D’orge, Triticum Vulgare (Wheat) Germ Extract, Cucumis Sativus (Cucumber) Fruit Extract, Caffeine, Acetyl Hexapeptide-8, Palmitoyl Tripeptide-1, Palmitoyl Tetrapeptide-7, Palmitoyl Hexapeptide-12, Peg-10 Dimethicone, Glycyrrhetinic Acid, Whey Protein\\Lactis Protein\\Protéine Du Petit-Lait, Isohexadecane, Propylene Glycol Dicaprate, Caprylyl Glycol, Hydroxypinacolone Retinoate, Acetyl Glucosamine, Cholesterol, Peg-8, Yeast Extract\\Faex\\Extrait De Levure, Peg-6, Dimethyl Isosorbide, Glyceryl Polymethacrylate, Polysorbate 20, Sodium Phosphate, Synthetic Fluorphlogopite, Polysorbate 80, Carbomer, Hexylene Glycol, Ammonium Acryloyldimethyltaurate/Vp Copolymer, Acrylamide/Sodium Acryloyldimethyltaurate Copolymer, Potassium Hydroxide, Tin Oxide, Disodium Phosphate, Citric Acid, Disodium Edta, Sodium Citrate, Phenoxyethanol, Potassium Sorbate, Titanium Dioxide (Ci 77891).']","P473267","Smart Clinical Repair Wrinkle Correcting Serum",1254,"CLINIQUE",71,"1 oz/ 30 mL"
4.8081,"['Water/Aqua/Eau, Squalane, Glycerin, Hexyldecanol, Propanediol, Dimethyl Isosorbide, Hydroxyethyl Acrylate/Sodium Acryloyldimethyl Taurate Copolymer, Hydroxyacetophenone, Hydroxypinacolone Retinoate, Retinol, Helianthus Annuus (Sunflower) Seed Oil, Rosmarinus Officinalis (Rosemary) Leaf Extract, Pelargonium Graveolens Flower Oil, Aniba Rosodora (Rosewood) Wood Oil, Eucalyptus Globulus Leaf Oil, Santalum Album (Sandalwood) Oil, Oryza Sativa (Rice) Bran Extract, Helianthus Annuus (Sunflower) Extract, Cupressus Sempervirens Oil, Juniperus Virginiana Oil, Abies Sibirica Oil, Tocopherol, Beta-Glucan, Caprylyl Glycol, BHT, Ceramide NP, Caprylic/Capric Triglyceride, Cetyl Palmitate, 1,2-Hexanediol, Ethylhexylglycerin, Polysorbate 60, Tetrasodium Glutamate Diacetate, Hydroxystearic Acid,', 'Polysorbate 20, Sorbitan Isostearate, Laureth-23, Trideceth-6 Phosphate, Sodium Hydroxide, Citric Acid, Polyacrylate Crosspolymer-6, Sodium Benzoate, Benzyl Alcohol, Linalool.']","P503814","Dynamic Skin Retinol Serum",6219,"Dermalogica",92,"1 oz / 30 mL"
4.7545,"['Water/Aqua/Eau, Glycerin, Stearic Acid, Coco-Caprylate, Coconut Alkanes, Glycine Soja (Soybean) Oil, Dimethicone, Caprylic/Capric Triglyceride, Cetearyl Alcohol, Arachidyl Alcohol, Bis-Diglyceryl Polyacyladipate-2, Propanediol, Hydrogenated Polydecene, Tranexamic Acid, Glyceryl Oleate Citrate, Retinol, Retinal, N-Prolyl Palmitoyl Tripeptide-56 Acetate, Hydroxypinacolone Retinoate, Tasmannia Lanceolata Fruit/Leaf Extract, Centella asiatica Leaf Extract, Hyaluronic Acid, Sodium Hyaluronate, Calendula Officinalis Flower Extract, Anthemis Nobilis Flower Oil, Oryza Sativa (Rice) Bran Extract, Simmondsia Chinensis (Jojoba) Seed Oil, Haematococcus Pluvialis Extract, Chamomilla Recutita (Matricaria) Flower Extract, Helianthus Annuus (Sunflower) Extract, Rosmarinus Officinalis (Rosemary) Leaf Extract, Helianthus Annuus (Sunflower) Seed Oil, Carthamus Tinctorius (Safflower) Seed Oil, Acacia Senegal Gum, Xanthan Gum, Coco-Glucoside, Tetrahexyldecyl Ascorbate, Glucose, Xanthophylls, Lecithin, Coco-Caprylate/Caprate, Caprylyl Glycol, 1,2-Hexanediol, Cellulose Gum, Sorbitan Isostearate, Hydroxyethyl Acrylate/Sodium Acryloyldimethyl Taurate Copolymer, Behenyl Alcohol, Hydroxyacetophenone, Arachidyl Glucoside, Dimethyl Isosorbide, Microcrystalline Cellulose, Pentylene Glycol, Sodium Phytate, Tocopherol.']","P483127","Retinol Remix 1% Retinol Treatment With Peptide & Tranexamic Acid",6357,"iNNBEAUTY PROJECT",48,""
3.4462,"['Water, Dimethicone, Propanediol, Glycerin, Polysilicone-11, Synthetic Fluorphlogopite, Butylene Glycol, Polymethylsilsesquioxane, Ethyl Linoleate, Lauryl Polyglyceryl-3 Polydimethylsiloxyethyl Dimethicone, Retinol, Hydroxypinacolone Retinoate, Bidens Pilosa Extract, Bakuchiol, Hydrolyzed Hyaluronic Acid, Microcitrus Australasica Fruit Extract, Oryza Sativa (Rice) Bran Extract, Terminalia Chebula Fruit Extract, Glycine Soja (Soybean) Extract, Elaeis Guineensis (Palm) Oil, Gossypium Herbaceum (Cotton) Seed Oil, Helianthus Annuus (Sunflower) Seed Oil, Linum Usitatissimum (Linseed) Seed Oil, Adenosine, Aloe Barbadensis Leaf Juice Powder, Rosmarinus Officinalis (Rosemary) Leaf Extract, Tocopherol, Dimethyl Isosorbide, HDI/Trimethylol Hexyllactone Crosspolymer, Polyacrylamide, Phenoxyethanol, Ethylhexyl Hydroxystearate, PEG-12 Dimethicone, C13-14 Isoparaffin, Caprylyl Glycol, Decyl Glucoside, Acrylates/C10-30 Alkyl Acrylate Crosspolymer, Hexylene Glycol, Ethylhexylglycerin, Aminomethyl Propanol, Laureth-7, Xanthan Gum, Disodium EDTA.']","P411881","Retinol Firming Eye Cream",5946,"Kate Somerville",98,"0.5 oz/ 15 mL"
4.0541,"['Aqua/Water/Eau, Isobutane, Propane, Perfluorohexane, Dimethicone, Propanediol, Neopentyl Glycol Diheptanoate, Perfluoroperhydrophenanthrene, Glycereth-18 Ethylhexanoate, Isododecane, Perfluorodecalin, Ethylhexyl Methoxycrylene, Cyclopentasiloxane, Phenoxyethanol, Dimethyl Isosorbide, Glycine Soja (Soybean) Extract, Oryza Sativa (Rice) Bran Extract, Glycereth-18, Cyclohexasiloxane, Bakuchiol, Glycerin, Elaeis Guineensis (Palm) Oil, Cetearyl Alcohol, Glyceryl Stearate, Gossypium Herbaceum (Cotton) Seed Oil, Tocopheryl Acetate, Lavandula Angustifolia (Lavender) Oil, Bidens Pilosa Extract, Sodium Lauroyl Glutamate, Stearic Acid, Helianthus Annuus (Sunflower) Seed Oil, Linum Usitatissimum (Linseed) Seed Oil, Acrylates/C10-30 Alkyl Acrylate Crosspolymer, Ethylhexylglycerin, Hydrolyzed Hyaluronic Acid, Hydroxypinacolone Retinoate, Disodium EDTA, Adenosine, Tropaeolum Majus Flower/Leaf/Stem Extract, Sodium Hydroxide, Rosmarinus Officinalis (Rosemary) Leaf Extract, Tocopherol, Linalool, Limonene.']","P404232","DermalQuench +Retinol Advanced Resurfacing Treatment",5946,"Kate Somerville",110,"2.5 oz"
3,"['+Retinol Vita C Serum:', 'Aqua/Water/Eau, Dimethicone, Propanediol, Polysilicone-11, Polysorbate 20, Isocetyl Stearate, Volcanic Soil, Glyceryl Stearate, Isohexadecane, PEG-100 Stearate, Parfum (Fragrance), Retinol, Ascorbic Acid, Tocopheryl Acetate, Hyaluronic Acid, Physalis Angulata Extract, Sodium Hyaluronate, Tocopherol, Hexapeptide-2, Ethylhexylglycerin, Amylopectin, PEG-7 Trimethylolpropane Coconut Ether, Adenosine, Hydroxyethyl Acrylate/Sodium Acryloyldimethyl Taurate Copolymer, 1,2-Hexanediol, Butylene Glycol, Ammonium Polyacryloyldimethyl Taurate, Caprylic/Capric Triglyceride, Polyisobutene, Sorbitan Isostearate, Stearic Acid, Polysorbate 80, Dimethiconol, Caprylhydroxamic Acid, BHA, BHT, Disodium EDTA.', '+Retinol Eye Cream:', 'Water/Aqua/Eau, Dimethicone, Propanediol, Glycerin, Polysilicone-11, Synthetic Fluorphlogopite, Butylene Glycol, Polymethylsilsesquioxane, Ethyl Linoleate, Lauryl Polyglyceryl-3 Polydimethylsiloxyethyl Dimethicone, Retinol, Hydroxypinacolone Retinoate, Bidens Pilosa Extract, Bakuchiol, Hydrolyzed Hyaluronic Acid, Microcitrus Australasica Fruit Extract, Oryza Sativa (Rice) Bran Extract, Terminalia Chebula Fruit Extract, Glycine Soja (Soybean) Extract, Elaeis Guineensis (Palm) Oil, Gossypium Herbaceum (Cotton) Seed Oil, Helianthus Annuus (Sunflower) Seed Oil, Linum Usitatissimum (Linseed) Seed Oil, Adenosine, Aloe Barbadensis Leaf Juice Powder, Rosmarinus Officinalis (Rosemary) Leaf Extract, Tocopherol, Dimethyl Isosorbide, HDI/Trimethylol Hexyllactone Crosspolymer, Polyacrylamide, Phenoxyethanol, Ethylhexyl Hydroxystearate, PEG-12 Dimethicone, C13-14 Isoparaffin, Caprylyl Glycol, Decyl Glucoside, Acrylates/C10-30 Alkyl Acrylate Crosspolymer, Hexylene Glycol, Ethylhexylglycerin, Aminomethyl Propanol, Laureth-7, Xanthan Gum, Disodium EDTA.', '+Retinol Vitamin C Moisturizer:', 'Aqua/Water/Eau, Neopentyl Glycol Diheptanoate, Caprylic/Capric Triglyceride, Propanediol, Cetearyl Alcohol, Cocoglycerides, Cetyl Esters, Parfum/Fragrance, Stearyl Alcohol, Glyceryl Stearate, Dimethicone, Tridecyl Neopentanoate, PPG-26-Buteth-26, Glycerin, Bis-Stearyl Dimethicone, Retinol, Ascorbic Acid, Tocopheryl Acetate, Panthenol, Physalis Pubescens Fruit Juice, Volcanic Soil, Tocopherol, Adenosine, Hyaluronic Acid, Ethylhexylglycerin, Amylopectin, PEG-40 Stearate, PEG-40 Hydrogenated Castor Oil, 1,2-Hexanediol, Polyacrylate Crosspolymer-6, Polysorbate 20, Ceteareth-20, Polysilicone-11, Caprylhydroxamic Acid, Arachidyl Alcohol, t-butyl Alcohol, BHA, Citric Acid, Disodium EDTA, Cetyl Alcohol, BHT, Citral, Linalool, Limonene.']","P502186","Retinol Try Me Kit",5946,"Kate Somerville",59,""
4.5878,"['Water/Aqua/Eau, Cyclopentasiloxane, Isopropyl Palmitate, C14-22 Alcohols, Polymethylsilsesquioxane, Dimethicone, Propanediol, Glyceryl Stearate, PEG-100 Stearate, Shea Butter Ethyl Esters, Retinol, Hydroxypinacolone Retinoate, Ceramide NP, Sodium Hyaluronate, Solanum Lycopersicum (Tomato) Fruit Extract, Swertia Chirata Extract, Squalane, Punica Granatum Extract, Tocopheryl Acetate, Glycine Soja (Soybean) Extract, Urea, Yeast Amino Acids, Trehalose, Inositol, Taurine, Betaine, Glycerin, Caprylic/Capric Triglyceride, Dimethyl Isosorbide, Silica, Ethylhexyl Palmitate, Silica Dimethyl Silylate, Butylene Glycol, Lecithin, Ammonium Acryloyldimethyltaurate/VP Copolymer, C12-20 Alkyl Glucoside, Cetyl Palmitate, Laureth-23, Polysorbate 20, Trideceth-6 Phosphate, Synthetic Fluorphlogopite, Phenoxyethanol, Ethylhexylglycerin, Chlorphenesin, Disodium EDTA, Sodium Hydroxide, Tris (Tetramethylhydroxypiperidinol) Citrate, Sodium Benzotriazolyl Butylphenol Sulfonate, Titanium Dioxide (CI 77891), Red 4 (CI 14700), Alpha-Isomethyl Ionone, Citronellol, Fragrance (Parfum).']","P411365","Retinol Youth Renewal Serum",4164,"Murad",92,"1 oz"
4.6089,"['Water/Aqua/Eau, Cyclopentasiloxane, Isopropyl Palmitate, C14-22 Alcohols, Polymethylsilsesquioxane, Dimethicone, Propanediol, Glyceryl Stearate, PEG-100 Stearate, Shea Butter Ethyl Esters, Retinol, Hydroxypinacolone Retinoate, Ceramide NP, Sodium Hyaluronate, Solanum Lycopersicum (Tomato) Fruit Extract, Swertia Chirata Extract, Squalane, Punica Granatum Extract, Tocopheryl Acetate, Glycine Soja (Soybean) Extract, Urea, Yeast Amino Acids, Trehalose, Inositol, Taurine, Betaine, Glycerin, Caprylic/Capric Triglyceride, Dimethyl Isosorbide, Silica, Ethylhexyl Palmitate, Silica Dimethyl Silylate, Butylene Glycol, Lecithin, Ammonium Acryloyldimethyltaurate/VP Copolymer, C12-20 Alkyl Glucoside, Cetyl Palmitate, Laureth-23, Polysorbate 20, Trideceth-6 Phosphate, Synthetic Fluorphlogopite, Phenoxyethanol, Ethylhexylglycerin, Chlorphenesin, Disodium EDTA, Sodium Hydroxide, Tris (Tetramethylhydroxypiperidinol) Citrate, Sodium Benzotriazolyl Butylphenol Sulfonate, Titanium Dioxide (CI 77891), Red 4 (CI 14700), Alpha-Isomethyl Ionone, Citronellol, Fragrance (Parfum).']","P440650","Mini Retinol Youth Renewal Serum",4164,"Murad",32,"0.33 oz/ 10 mL"
4.7416,"['Water/Aqua/Eau, Dimethyl Isosorbide, Tocopheryl Acetate, Isononyl Isononanoate, Caprylic/Capric Triglyceride, Propanediol, Pentylene Glycol, Dimethicone, C9-12 Alkane, Glyceryl Stearate, Volcanic Soil, Cetyl Alcohol, Hydroxypinacolone Retinoate, Butyrospermum Parkii (Shea) Butter, Caprylyl Methicone, Ascorbic Acid, Citric Acid, Squalane, Sodium Hyaluronate, Amylopectin, Ethylhexylglycerin, Coco-Caprylate/Caprate, Hydroxyethyl Acrylate/Sodium Acryloyldimethyl Taurate Copolymer, Sodium Phytate, Diethylhexyl Syringylidenemalonate, Potassium Sorbate, PEG-75 Stearate, Polyacrylate Crosspolymer-6, PEG-100 Stearate, Silica, Ceteth-20, Steareth-20, 1,2-Hexanediol, Sodium Benzoate, Polysorbate 60, t-Butyl Alcohol, Sorbitan Isostearate, Phenoxyethanol.']","P481142","PRO Strength Vitamin A/C/E Retinoid Treatment",3728,"Peter Thomas Roth",65,"1 oz/ 30 mL"
4.0827,"['Persea Gratissima (Extra Virgin, Cold-Pressed Avocado) Oil, Vitis Vinifera (Cold-Pressed Concord Grape) Seed Oil, Rubus Fruticosus (Cold-Pressed Blackberry) Seed Oil, Salvia Hispanica (Cold-Pressed Chia) Oil, Dimethyl Isosorbide (and) Hydroxypinacolone Retinoate, Chamomila Recutita (Matricaria) Flower Oil, Tanacetum annuum (Blue Tansy) oil, Anthemis nobilis (English Chamomile) oil, Eriocephalus punctualatus (Cape Chamomile) oil, Citrus Aurantium Amara (Neroli) Oil, Citrus Aurantium Dulcis (Blood Orange) oil, Cananga Odorata Flower (Ylang Ylang) Oil, Vetivera zizanoides (Vetiver) oil, Helianthus Annuus (Sunflower) Seed Oil (and) Rosmarinus officinalis (Rosemary) Leaf Extract, CI 61565 (Green 6), CI 60725 (Violet 2).']","P393718","Luna Sleeping Retinoid Night Oil",6073,"Sunday Riley",105,"1.18 oz/ 35 mL"
4.6414,"['Water/Eau/Aqua, Dimethicone, Caprylyl Methicone, Polyglycerin-6, Dimethyl Isosorbide, Niacinamide, Cetyl Diglyceryl Tris(Trimethylsiloxy)silylethyl Dimethicone, Hydrogenated Polyisobutene, Octyldodecanol, Caprylic/Capric Triglyceride, PEG-12 Dimethicone/PPG-20, Olive Oil, Hydroxypinacolone Retinoate, Retinol, Asiaticoside, Madecassoside Acid, Asiatic Acid, Papaver Rhoeas (Red Poppy) Extract, Bellis Perennis (Daisy) Flower Extract, Hieracium Pilosella (Hawkweed Daisy) Extract, Dimethicone/Vinyl Dimethicone Crosspolymer, Ceramide NP, Pentylene Glycol, Lecithin, Methylpropanediol, Polysorbate 20, Potassium Phosphate, Tocopherol, Caprylyl Glycol, Polyquaternium-80, Didecyldimonium Chloride, Pentaerythrityl Tetra-di-t-butyl Hydroxyhydrocinnamate, Benzotriazolyl Dodecyl p-Cresol, Alcohol, Sodium Phytate, Citric Acid, Sodium Citrate, Sodium Benzoate, Sodium Dehydroacetate.']","P476414","5 Stars Retinol + Niacinamide Eye Serum",6073,"Sunday Riley",65,"0.5 oz/ 15 mL"
4.3017,"['Good Genes:', 'Extract Blend [Water/ Eau/ Aqua, Opuntia Tuna Fruit (Prickly Pear) Extract, Agave Tequilana Leaf (Blue Agave) Extract, Cypripedium Pubescens (Lady Slipper Orchid) Extract, Opuntia Vulgaris (Cactus) Extract, Aloe Barbadensis Leaf Extract & Saccharomyses Cerevisiae (Yeast) Extract] Lactic Acid, Caprylic/Capric Triglyceride, Butylene Glycol, Squalane, Cyclomethicone, Dimethicone, Ppg-12/ Smdi Copolymer, Stearic Acid, Cetearyl Alcohol, Ceteareth 20, Glyceryl Stearate,Peg-100 Stearate, Arnica Montana (Flower) Extract, Peg-75 Meadowfoam Oil, Glycyrrhiza Glabra (Licorice) Root Extract, Cymbopogon Schoenanthus (Lemongrass) Oil, Triethanolamine, Xantham Gum, Phenoxyethanol, Steareth-20, Dmdm Hydantoin.', 'Luna Night Oil:', 'Persea Gratissima (Extra Virgin, Cold Pressed Avocado) Oil, Vitis Vinifera (Organic, Cold Pressed Concord Grape) Seed Oil, Rubus Fruticosus (Cold Pressed Blackberry) Seed Oil, Salvia Hispanica (Cold Pressed Chia) Oil, Dimethyl Isosorbide (and) Hydroxypinacolone Retinoate, Chamomila Recutita (Matricaria) Flower Oil, Tanacetum annuum (Blue Tansy) oil, Anthemis nobilis (English Chamomile) oil, Eriocephalus punctualatus (Cape Chamomile) oil, Citrus Aurantium Amara (Neroli) Oil, Citrus Aurantium Dulcis (Blood Orange) oil, Cananga Odorata Flower (Ylang Ylang) Oil, Vetivera zizanoides (Vetiver) oil, Helianthus Annuus (Sunflower) Seed Oil (and) Rosmarinus officinalis (Rosemary) Leaf Extract, CI 61565 (Green 6), CI 60725 (Violet 2).']","P402718","Power Couple Advanced Retinol and Lactic Acid Duo",6073,"Sunday Riley",72,""
4.2016,"['Water, Propanediol, Dimethyl Isosorbide, Triheptanoin, Dimethicone, Glycerin, Pentylene Glycol, Hexyldecanol, Disiloxane, Cetyl PEG/PPG-10/1 Dimethicone, Diheptyl Succinate, Propylene Carbonate, Hydroxypinacolone Retinoate, PPG-24-Glycereth-24, Phenyl Trimethicone, Retinol, Ubiquinone (CoQ10), Honey Extract, Sodium Hyaluronate Crosspolymer, Algae Extract, Zingiber Officinale (Ginger) Extract, Opuntia Ficus-indica Fruit Extract, Bisabolol, Butyrospermum Parkii (Shea) Butter, Phospholipids, Saccharomyces Cerevisiae Extract, Lecithin, Sodium Acrylates Copolymer, Hydrogenated Polyisobutene, 1,2-Hexanediol, 4-t- Butylcyclohexanol, Polyglyceryl-10 Stearate, Caprylyl Glycol, Helianthus Annuss (Sunflower) Seed Oil, Sorbitol, Cetylhydroxyproline Palmitamide, Polysilicone-11, Benzoic Acid, Dehydroacetic Acid, Sodium Phytate, Glyceryl Polyacrylate, Polysorbate, Hydroxyphenyl Propamidobenzoic Acid, Stearic Acid, Brassica Campestris Sterols, PVP, Capryloyl Glycerin/Sebacic Acid Copolymer, Sodium Benzoate, Alcohol, Potassium Phosphate, Decyl Glucoside, Phenoxyethanol, Hexylene Glycol, Potassium Sorbate, Tocopherol.']","P440075","A+ High-Dose Retinol Serum",6073,"Sunday Riley",85,"1 oz/ 30 mL"
3.8481,"['C.E.O Rapid Flash Brightening Serum:', 'Water, Tetrahexyldecyl Ascorbate, Squalane, PEG-8 Beeswax, Hydrogenated Polydecene, Polyglyceryl-6 Distearate, PPG-12/SMDI Copolymer, Phenoxyethanol, Acetamidoethoxyethanol, Jojoba Esters, Sodium Acrylate/Sodium Acryloyldimethyl Taurate Copolymer, Glycine Soja Sterols, Tocopherol, Glycolic Acid, Caprylyl Glycol, Sodium Phytate, Citrus Aurantium Dulcis (Sweet Orange) Oil, Chlorphenesin, Cera Alba, Glycerin, Isosqualane, C30 Hydrocarbons, Saccharide Isomerate.', 'Luna Sleeping Night Oil:', 'Persea Gratissima (Extra Virgin, Cold Pressed Avocado) Oil, Vitis Vinifera (Organic, Cold Pressed Concord Grape) Seed Oil, Rubus Fruticosus (Cold Pressed Blackberry) Seed Oil, Salvia Hispanica (Cold Pressed Chia) Oil, Dimethyl Isosorbide (and) Hydroxypinacolone Retinoate, Chamomilla Recutita (Matricaria) Flower Oil, Tanecetum annuum (Blue Tansy) oil, Anthemis nobilis (English Chamomile) oil, Eriocephalus punctulatus (Cape Chamomile) oil, Citrus Aurantium Amara (Neroli) Oil, Citrus Aurantium Dulcis (Blood Orange) oil, Cananga Odorata Flower (Ylang Ylang) Oil, Vetivera zizanoides (Vetiver) oil, Helianthus Annuus (Sunflower) Seed Oil (and) Rosmarinus officinalis (Rosemary) Leaf Extract, CI 61565 (Green 6), CI 60725 (Violet 2).']","P432053","Multivitamins 15% Vitamin C + Retinol Mini Set",6073,"Sunday Riley",28,""
4.16,"['A+ High-Dose Retinoid Serum:', 'Water, Propanediol, Dimethyl Isosorbide, Triheptanoin, Dimethicone, Glycerin, Pentylene Glycol, Hexyldecanol, Disiloxane, Cetyl PEG/PPG-10/1 Dimethicone, Diheptyl Succinate, Propylene Carbonate, Hydroxypinacolone Retinoate, PPG-24-Glycereth-24, Phenyl Trimethicone, Retinol, Ubiquinone (CoQ10), Honey Extract, Sodium Hyaluronate Crosspolymer, Algae Extract, Zingiber Officinale (Ginger) Extract, Opuntia Ficus-indica Fruit Extract, Bisabolol, Butyrospermum Parkii (Shea) Butter, Phospholipids, Saccharomyces Cerevisiae Extract, Lecithin, Sodium Acrylates Copolymer, Hydrogenated Polyisobutene, 1,2-Hexanediol, 4-t- Butylcyclohexanol, Polyglyceryl-10 Stearate, Caprylyl Glycol, Helianthus Annuss (Sunflower) Seed Oil, Sorbitol, Cetylhydroxyproline Palmitamide, Polysilicone-11, Benzoic Acid, Dehydroacetic Acid, Sodium Phytate, Glyceryl Polyacrylate, Polysorbate, Hydroxyphenyl Propamidobenzoic Acid, Stearic Acid, Brassica Campestris Sterols, PVP, Capryloyl Glycerin/Sebacic Acid Copolymer, Sodium Benzoate, Alcohol, Potassium Phosphate, Decyl Glucoside, Phenoxyethanol, Hexylene Glycol, Potassium Sorbate, Tocopherol.', 'Auto Correct Brightening and Depuffing Eye Contour Cream:', 'Water, PEG-8 Beeswax, Caprylyl Caprylate/Caprate, Polyglyceryl-6 Distearate, Dimethicone, C10-18 Triglycerides, Glycerin, Polypropylsilsesquioxane, Phenyl Trimethicone, Hydroxyethyl Acrylate/Sodium Acryloyldimethyl Taurate Copolymer, Trimethylsiloxysilicate, Anthemis Nobilis (Roman Chamomile) Flower Oil, Boron Nitride, Fructose, Jojoba Esters, Sodium Phytate, Theobroma Cacao (Cocoa) Seed Butter, Polyglyceryl-3 Beeswax, Butyrospermum Parkii (Shea) Butter, Propanediol, Aesculus Hippocastanum (Horse Chestnut) Extract, Coffea Arabica (Coffee) Seed Extract, Methylpropanediol, Acmella Oleracea (Spilanthes) Extract, Polysilicone-11, Caprylyl Glycol, Caffeine, Citrullus lanatus (Watermelon) Fruit Extract, Pyrus Malus (Apple) Fruit Extract, Lens Escuelenta (Lentil) Fruit Extract, Sodium PCA, Sodium Lactate, Ptychopetalum Olacoides Bark/Stem Extract, Pfaffia Paniculata (Brazilian Ginseng) Root Extract, Lilium Candidum (Madonna Lilly) Flower Extract, Phenoxyethanol, Glycolic Acid, Synthetic Fluorphlogopite, Silica, Mica, Titanium Dioxide, Carthamus Tinctorius (Safflower) Seed Oil, Tagetes Erecta (Marigold) Flower Extract, Triethyl Citrate, Cetyl Alcohol, Caprylyl/Capryl Glucoside, Benzoic Acid, Lecithin, Polysorbate 60, Sorbitan Isostearate, Potassium Sorbate, Benzyl Alcohol, Sodium Benzoate, Citric Acid, Linalool, Limonene.', 'C.E.O. 15% Vitamin C Brightening Serum:', 'Water, Tetrahexyldecyl Ascorbate, Squalane, PEG-8 Beeswax, Hydrogenated Polydecene, Polyglyceryl-6 Distearate, PPG-12/SMDI Copolymer, Phenoxyethanol, Acetamidoethoxyethanol, Jojoba Esters, Sodium Acrylate/Sodium Acryloyldimethyl Taurate Copolymer, Glycine Soja Sterols, Tocopherol, Glycolic Acid, Caprylyl Glycol, Sodium Phytate, Citrus Aurantium Dulcis (Sweet Orange) Oil, Chlorphenesin, Cera Alba, Glycerin, Isosqualane, C30 Hydrocarbons, Saccharide Isomerate.', 'Good Genes All-In-One Lactic Acid Treatment:', 'Extract Blend [Water, Opuntia Tuna Fruit (Prickly Pear) Extract, Agave Tequilana Leaf (Blue Agave) Extract, Cypripedium Pubescens (Lady Slipper Orchid) Extract, Opuntia Vulgaris (Cactus) Extract, Aloe Barbadensis Leaf Extract and Saccharomyses Cerevisiae (Yeast) Extract] Lactic Acid, Caprylic/Capric Triglyceride, Butylene Glycol, Squalane, Cyclomethicone, Dimethicone, Ppg-12/ Smdi Copolymer, Stearic Acid, Cetearyl Alcohol, Ceteareth 20, Glyceryl Stearate,Peg-100 Stearate, Arnica Montana (Flower) Extract, Peg-75 Meadowfoam Oil, Glycyrrhiza Glabra (Licorice) Root Extract, Cymbopogon Schoenanthus (Lemongrass) Oil, Triethanolamine, Xantham Gum, Phenoxyethanol, Steareth-20, Dmdm Hydantoin.']","P455235","Superstars Anti-Aging Serum and Eye Kit",6073,"Sunday Riley",130,""
4.2,"['Good Genes All-In-One Lactic Acid Treatment:', 'Botanical Blend [Aqua, Opuntia Tuna Fruit Extract, Cypripedium Pubescens Extract,  Opuntia Vulgaris Leaf Extract, Agave Tequilana Leaf Extract, Arnica Montana Flower Extract, Aloe Barbadensis Leaf Extract, Saccharomyces Cerevisiae (Yeast) Extract, Leuconostoc/Radish Root Ferment Filtrate], Caprylic/Capric Triglyceride, Squalane, Lactic Acid, PPG-12/SMDI Copolymer, Propanediol, Butylene Glycol, Stearic Acid, Dimethicone, Cetearyl Alcohol, Phenyl Trimethicone, Disiloxane, Ceteareth-20, Glyceryl Stearate, PEG-100 Stearate, Stearyl Glycyrrhetinate, Glycyrrhiza Glabra Root Extract, Cymbopogon Schoenanthus (Lemongrass) Oil, Potassium Hydroxide, Phenoxyethanol, Xanthan Gum, Caprylyl Glycol, Chlorphenesin, Sodium Phytate.', 'Ceramic Slip Cleanser:', 'Water/Eau/Aqua, Octyldodecanol, Propanediol, Polyglyceryl-2 Caprate, Polyacrylate-33, Disodium Laureth Sulfosuccinate, Sodium Cocoyl Isethionate, Propylene Carbonate, Disteardimonium Hectorite, Caprylyl Glycol, Kaolin, Montmorillonite, Olive Oil Polyglyceryl-6 Esters, Rice Oil Glycereth-8 Esters, Sodium Phytate, Xanthan Gum, Pentylene Glycol, Sodium Lauroamphoacetate, Sodium Methyl Cocoyl Taurate, Coconut Acid, Laureth-10, Trisodium Sulfoccinate, Sodium Chloride, Phospholipids, Propylene Glycol, Benzoic Acid, Sodium Xylenesulfonate, Dehydroacetic Acid, PVP, Bisabolol, Citrus Aurantium Amara (Bitter Orange) Flower Extract, Sodium Citrate, Phenoxyethanol, Sodium Sulfate, Methylisothiazolinone.', 'A+ High-Dose Retinol Serum:', 'Water/Eau/Aqua, Dimethyl Isosorbide, Propanediol, Triheptanoin, Dimethicone, Glycerin, Pentylene Glycol, Cetyl PEG/ PPG-10/1 Dimethicone, Disiloxane, Hexyldecanol, Diheptyl Succinate, Propylene Carbonate, Phenyl Trimethicone, PPG-24-Glycereth-24, Hydroxypinacolone Retinoate, Sodium Acrylates Copolymer, Helianthus Annuus (Sunflower) Seed Oil, Honey Extract, Opuntia Ficus-Indica (Prickly Pear) Fruit Extract, Bisabolol, Butyrospermum Parkii (Shea) Butter, Retinol, Sodium Hyaluronate Crosspolymer, Ubiquinone, Zingiber Officinale (Ginger) Extract, Tocopherol, Hydrogenated Polyisobutene, Lecithin, 1,2-Hexanediol, 4-t-Butylcyclohexanol, Caprylyl Glycol, Phospholipids, Polyglyceryl-10 Stearate, Sorbitol, Cetylhydroxyproline Palmitamide, Polysilicone-11, Benzoic Acid, Dehydroacetic Acid, Capryloyl Glycerin/Sebacic Acid Copolymer, Sodium Phytate, Phenoxyethanol, Glyceryl Polyacrylate, Alcohol, Polysorbate 20, Saccharomyces Cerevisiae (Yeast) Extract, Brassica Campestris Sterols, Hydroxyphenyl Propamidobenzoic Acid, Stearic Acid, PVP, Sodium Benzoate, Potassium Phosphate, Benzyl Alcohol, Decyl Glucoside, Algae Extract, Hexylene Glycol, Tocopherol, Potassium Sorbate.', 'U.F.O. Ultra-Clarifying Face Oil:', 'Silybum Marianum (Milk Thistle) Seed Oil, Nigella Sativa (Black Cumin) Seed Oil, Cucumis Sativus (Cucumber) Seed Oil, Diisopropyl Sebacate, Punica Granatum (Pomegranate) Seed Oil, Vaccinium Macrocarpon (Cranberry) Seed Oil, Dimethyl Isosorbide, Linum Usitatissimum (Flax) Seed Oil, Caprylic/Capric Triglycerides, Ethyl Linoleate, Hexylresorcinol, Glycyrrhiza Glabra (Licorice) Root Extract, Salicylic Acid, Prunus Armeniaca (Apricot) Kernel Oil, Chamomilla Recutita Flower Oil, Citrus Aurantium Amara (Neroli) Flower Oil, Melaleuca Alternifolia (Tea Tree) Leaf Oil, Helianthus Annuus Seed Oil, Rosmarinus Officinalis (Rosemary) Leaf Extract, Citrus Paradisii (Grapefruit) Peel Oil, Melia Azadirachta (Neem) Leaf Extract, Melia Azadirachta (Neem) Flower Extract, Coccinia Indica Fruit Extract, Amino Esters-1, Amber Leaf Extract, Solanum Melongena (Eggplant) Fruit Extract, Aloe Barbadensis Flower Extract, Lawsonia Inermis (Henna) Extract, Ocimum Sanctum Leaf Extract, Ocimum Basilicum (Basil) Leaf Extract, Curcuma Longa (Turmeric) Root Extract, Corallina Officinalis Extract, Simmondsia Chinensis (Jojoba) Seed Oil, Pearl Powder, Moringa Pterygosperma Seed Oil.', 'Saturn Sulfur Acne Treatment Mask:', 'Water/Aqua/Eau, Cetyl Ethylhexanoate, Isoamyl Laurate, Niacinamide, Acacia Senegal Gum, Hydroxyethyl Acrylate/Sodium, Acryloyldimethyl Taurate Copolymer, Bentonite, Leptospermum Scoparium Branch/Leaf Oil, Olive Oil Glycereth-8 Esters, Polyglyceryl-2 Caprate, Zinc Pca, Polysorbate 20, Dipotassium Glycyrrhizate, Allantoin, Peg-40 Hydrogenated Castor Oil, Disodium Edta, Tocopherols, Denatured Alcohol, Melia Azadirachta Leaf Extract, Amber Powder, Melia Azadirachta Flower Extract, Coccinia Indica Leaf Extract, Ocimum Basilicum (Basil) Flower/Leaf Extract, Solanum Melongena (Eggplant) Fruit Extract, Curcuma Longa (Turmeric) Root Extract, Corallina Officinalis Extract, Phenoxyethanol, Caprylyl Glycol, Chlorphenesin, 4-Terpineol, Sulfur, Melaleuca Alternifolia (Tea Tree) Leaf Oil, Leptospermum Scoparium (Manuka) Branch/Leaf Oil.']","P461535","All About Acne Breakout + Blackhead Set",6073,"Sunday Riley",95,""
4.3826,"['Water, Glycerin, Butylene Glycol, Propanediol, Dicaprylyl Carbonate, Dimethicone, Hydroxyethyl Acrylate/Sodium Acryloyldimethyl Taurate Copolymer, Caprylyl Glycol, Phospholipids, Caprylic/Capric Glycerides, Squalane, Dimethyl Isosorbide, Glycine Soja (Soybean) Extract, Carbomer, Sodium Ascorbate, Tocopherol, Polysorbate 60, Tocopheryl Acetate, Glycolipids, Sodium Hydroxide, Disodium Edta, Hydroxypinacolone Retinoate, Retinol, Glycine Soja (Soybean) Sterol, Leuconostoc/Radish Root Ferment Filtrate, Peg-40 Hydrogenated Castor Oil, Hyaluronic Acid, Polysorbate 20, Palmitoyl Tetrapeptide-7, Palmitoyl Tripeptide-1, Phenoxyethanol.']","P443842","Retinol Anti-Aging Serum",6285,"The INKEY List",12.99,"1 oz/ 30 mL"
4.4548,"['Water, Glycerin, Ethyl Linoleate, Propanediol, Caprylic/Capric Triglyceride, Dimethyl Isosorbide, Cetearyl Isononanoate, Bisabolol, Hydroxypinacolone Retinoate, Retinol, Tasmannia Lanceolata Fruit/Leaf Extract, Inulin Lauryl Carbamate, Glyceryl Stearate, Ceteareth-12, Ceteareth-20, Cetearyl Alcohol, Carrageenan, Xanthan gum, Acacia Senegal Gum, Cetyl Palmitate, Sucrose Laurate, Polysorbate 20, Isoceteth-20, Behentrimonium Chloride, Trisodium Ethylenediamine Disuccinate, Disodium EDTA, Dehydroacetic Acid, Benzoic Acid, Ethylhexylglycerin, Phenoxyethanol, Chlorphenesin.']","P427418","Granactive Retinoid* 2% Emulsion",6234,"The Ordinary",11.7,"1 oz/ 30 mL"
